date,open,high,low,close,volume,chg_pct,inst_sum,inst_ext,retail,foreign,per,pbr,div,bps,eps,dps
2024-08-01,86000,86100,83100,83100,20900338,-0.9535160905840285,-89657307800,17361623000,43115469000,29180215800,39.0,1.6,1.74,52002,2131,1444
2024-08-02,81000,81400,79500,79600,25800275,-4.21179302045728,-252702178300,18587268500,522198030300,-288083120500,37.35,1.53,1.81,52002,2131,1444
2024-08-05,76700,76900,70200,71400,54608790,-10.301507537688442,-177815603400,50971430800,1351681198000,-1224837025400,33.51,1.37,2.02,52002,2131,1444
2024-08-06,74900,75300,72300,72500,47295226,1.5406162464985995,-514351203400,38799148600,658368176700,-182816121900,34.02,1.39,1.99,52002,2131,1444
2024-08-07,73000,76000,72800,74700,32710428,3.0344827586206895,-156686010600,11527637200,63400827100,81757546300,35.05,1.44,1.93,52002,2131,1444
2024-08-08,73200,73900,72500,73400,28414729,-1.7402945113788488,-278443653600,8338404900,510444313900,-240339065200,34.44,1.41,1.97,52002,2131,1444
2024-08-09,75700,75800,74200,74700,16388222,1.7711171662125342,-1702228200,18056486900,-58498796900,42144538200,35.05,1.44,1.93,52002,2131,1444
2024-08-12,75200,75900,74800,75500,9839259,1.07095046854083,8510422600,-3716214900,-40788433200,35994225500,35.43,1.45,1.91,52002,2131,1444
2024-08-13,76500,76600,75500,76100,10716261,0.7947019867549668,-15577569600,-5512032700,-120303693400,141393295700,35.71,1.46,1.9,52002,2131,1444
2024-08-14,77400,77800,77000,77200,13246168,1.445466491458607,-17801175100,26305084400,-166638535000,158134625700,36.23,1.48,1.87,52002,2131,1444
2024-08-16,79400,80200,78700,80200,22061478,3.8860103626943006,72520226800,-9399141900,-581658603000,518537518100,37.63,1.54,1.8,52002,2131,1444
2024-08-19,80100,80100,78000,78300,14146565,-2.369077306733167,-26566875700,5512001300,136433120000,-115378245600,36.74,1.51,1.84,52002,2131,1444
2024-08-20,79500,79800,78700,78900,10683836,0.7662835249042145,-11292781500,203267100,-62295651800,73385166200,37.02,1.52,1.83,52002,2131,1444
2024-08-21,77900,78600,77800,78300,7805598,-0.7604562737642585,13792111300,-4514665600,-15629467600,6352021900,36.74,1.51,1.84,52002,2131,1444
2024-08-22,78700,78900,77800,78300,8149101,0.0,-35367394300,-916282500,11878963200,24404713600,36.74,1.51,1.84,52002,2131,1444
2024-08-23,77700,78400,77500,77700,9420306,-0.7662835249042145,58127384500,-4173416600,36142889000,-90096856900,36.46,1.49,1.86,52002,2131,1444
2024-08-26,78100,78200,76000,76100,15655938,-2.0592020592020592,43998466500,6094963800,235032769400,-285126199700,35.71,1.46,1.9,52002,2131,1444
2024-08-27,75700,76500,75600,75800,11130145,-0.39421813403416556,23082123300,4758224800,81785298000,-109625646100,35.57,1.46,1.91,52002,2131,1444
2024-08-28,75800,76400,75400,76400,9794514,0.79155672823219,40293400800,2330521600,68073607700,-110697530100,35.85,1.47,1.89,52002,2131,1444
2024-08-29,73600,74700,73500,74000,16884479,-3.1413612565445024,-161701544000,16202841200,479461459000,-333962756200,34.73,1.42,1.95,52002,2131,1444
2024-08-30,74400,75000,74100,74300,16358520,0.40540540540540543,101116690800,4033503800,82091557000,-187241751600,34.87,1.43,1.94,52002,2131,1444
2024-09-02,74500,74700,73500,74400,12641376,0.13458950201884254,-175982088800,4862091500,33404165500,137715831800,34.91,1.43,1.94,52002,2131,1444
2024-09-03,74100,74300,72500,72500,16314599,-2.553763440860215,-123372063500,11734283800,535518572400,-423880792700,34.02,1.39,1.99,52002,2131,1444
2024-09-04,69800,71100,69800,70000,27366563,-3.4482758620689653,-283791061200,25489966800,774821550700,-516520456300,32.85,1.35,2.06,52002,2131,1444
2024-09-05,70100,71200,69000,69000,25686769,-1.4285714285714286,-25791144600,14197073800,617652260900,-606058190100,32.38,1.33,2.09,52002,2131,1444
2024-09-06,69100,69700,68000,68900,19022299,-0.14492753623188406,-28112451300,3832846400,190500676400,-166221071500,32.33,1.32,2.1,52002,2131,1444
2024-09-09,66900,68200,66600,67500,23263298,-2.0319303338171264,-54417914300,14053675600,426194120100,-385829881400,31.68,1.3,2.14,52002,2131,1444
2024-09-10,67000,67300,66000,66200,30651376,-1.925925925925926,-85543567200,12792453200,658439122100,-585688008100,31.07,1.27,2.18,52002,2131,1444
2024-09-11,65100,65500,64200,64900,35809707,-1.9637462235649545,-39945065100,73868653900,871577800500,-905501389300,30.46,1.25,2.22,52002,2131,1444
2024-09-12,66000,66600,65200,66300,35884106,2.157164869029276,58600626100,-40969675300,324859123200,-342490074000,31.11,1.27,2.18,52002,2131,1444
2024-09-13,65000,65500,64300,64400,25045135,-2.865761689291101,31580479800,80951188100,672033045300,-784564713200,30.22,1.24,2.24,52002,2131,1444
2024-09-19,64000,64400,62200,63100,49402713,-2.018633540372671,336764307400,7117750300,573958728300,-917840786000,29.61,1.21,2.29,52002,2131,1444
2024-09-20,63800,64700,63000,63000,32746056,-0.15847860538827258,79526141600,-79184500,320454646600,-399901603700,29.56,1.21,2.29,52002,2131,1444
2024-09-23,62300,63500,62200,62600,28542376,-0.6349206349206349,116417382400,2792939700,513328480100,-632538802200,29.38,1.2,2.31,52002,2131,1444
2024-09-24,62800,63400,62400,63200,26957500,0.9584664536741214,177892240600,2553944700,295665575500,-476111760800,29.66,1.22,2.28,52002,2131,1444
2024-09-25,63800,64200,62200,62200,28652438,-1.5822784810126582,201407653100,12514919500,339596890900,-553519463500,29.19,1.2,2.32,52002,2131,1444
2024-09-26,63900,64900,63700,64700,37566015,4.019292604501608,307399450600,2208445700,-70190947000,-239416949300,30.36,1.24,2.23,52002,2131,1444
2024-09-27,64700,65400,64200,64200,28433030,-0.7727975270479135,-71554750200,-14909923400,188864413200,-102399739600,30.13,1.23,2.25,52002,2131,1444
2024-09-30,64200,64300,61500,61500,32694163,-4.205607476635514,-144319867000,14462364500,820371984300,-690514481800,28.86,1.18,2.35,52002,2131,1444
2024-10-02,60500,61900,59900,61300,28473536,-0.3252032520325203,-154198216400,6274926200,258516449500,-110593159300,28.77,1.18,2.36,52002,2131,1444
2024-10-04,61000,61700,60500,60600,24247578,-1.1419249592169658,-68734181800,1316542200,384050746200,-316633106600,28.44,1.17,2.38,52002,2131,1444
2024-10-07,60200,61900,59500,61000,35066533,0.6600660066006601,75153987100,4293753200,459393234700,-538840975000,28.63,1.17,2.37,52002,2131,1444
2024-10-08,60000,61000,59900,60300,27411786,-1.1475409836065573,-86828190800,5534947900,331847697100,-250554454200,28.3,1.16,2.39,52002,2131,1444
2024-10-10,60100,60200,58900,58900,45262214,-2.321724709784411,-256538278600,11278879300,566328239900,-321068840600,27.64,1.13,2.45,52002,2131,1444
2024-10-11,59100,60100,59000,59300,29623969,0.6791171477079796,229041946400,6397375500,157209362600,-392648684500,27.83,1.14,2.44,52002,2131,1444
2024-10-14,59500,61200,59400,60800,20886249,2.5295109612141653,152329952200,4605829600,-62862706800,-94073075000,28.53,1.17,2.38,52002,2131,1444
2024-10-15,61100,61400,60100,61000,22715239,0.3289473684210526,10544779300,13208709800,38631277800,-62384766900,28.63,1.17,2.37,52002,2131,1444
2024-10-16,59400,60000,59200,59500,23303268,-2.459016393442623,-46452166700,6165594000,312900915300,-272614342600,27.92,1.14,2.43,52002,2131,1444
2024-10-17,59400,60100,59100,59700,23372873,0.33613445378151263,67417847600,-748371400,211340296600,-278009772800,28.02,1.15,2.42,52002,2131,1444
2024-10-18,59900,60100,59100,59200,14420260,-0.8375209380234505,-15791144600,2560676400,185547133000,-172316664800,27.78,1.14,2.44,52002,2131,1444
2024-10-21,59000,59600,58500,59000,18514905,-0.33783783783783783,-43073272100,650786700,83708361000,-41285875600,27.69,1.13,2.45,52002,2131,1444
2024-10-22,58800,58900,57700,57700,27582527,-2.2033898305084745,-153427518400,4534527100,434483652300,-285590661000,27.08,1.11,2.5,52002,2131,1444
2024-10-23,57500,60000,57100,59100,27300780,2.4263431542461005,57771134500,4697032500,-11319273000,-51148894000,27.73,1.14,2.44,52002,2131,1444
2024-10-24,58200,58500,56600,56600,31499922,-4.230118443316413,-85250664600,7359540900,732467484500,-654576360800,26.56,1.09,2.55,52002,2131,1444
2024-10-25,56000,56900,55800,55900,25829315,-1.2367491166077738,-41201174600,6552748400,357043271600,-322394845400,26.23,1.07,2.58,52002,2131,1444
2024-10-28,55700,58500,55700,58100,27775009,3.9355992844364938,153891505300,2519383700,-166304241300,9893352300,27.26,1.12,2.49,52002,2131,1444
2024-10-29,58000,59600,57300,59600,28369314,2.5817555938037864,107615447700,4186486000,-120322429300,8520495600,27.97,1.15,2.42,52002,2131,1444
2024-10-30,59100,59800,58600,59100,19838511,-0.8389261744966443,51957796500,8724962700,123521951100,-184204710300,27.73,1.14,2.44,52002,2131,1444
2024-10-31,58500,61200,58300,59200,35809196,0.1692047377326565,119541307900,5207373500,-8300228400,-116448453000,27.78,1.14,2.44,52002,2131,1444
2024-11-01,59000,59600,58100,58300,19083180,-1.5202702702702704,-106474119100,4484366000,226312310500,-124322557400,27.36,1.12,2.48,52002,2131,1444
2024-11-04,58600,59400,58400,58700,15586947,0.6861063464837049,74743652100,1764026100,47903099300,-124410777500,27.55,1.13,2.46,52002,2131,1444
2024-11-05,57800,58100,57200,57600,17484474,-1.8739352640545146,-49121326600,3772201500,225948745500,-180599620400,27.03,1.11,2.51,52002,2131,1444
2024-11-06,57600,58000,56300,57300,22092218,-0.5208333333333333,-24710719800,10591105200,161987263000,-147867648400,26.89,1.1,2.52,52002,2131,1444
2024-11-07,56900,58100,56800,57500,17043102,0.34904013961605584,3306233300,15428332900,3559836700,-22294402900,26.98,1.11,2.51,52002,2131,1444
2024-11-08,58000,58300,57000,57000,13877396,-0.8695652173913043,65901393900,-37528067500,62301055900,-90674382300,26.75,1.1,2.53,52002,2131,1444
2024-11-11,56700,56800,55000,55000,29811326,-3.508771929824561,-100887804300,8358002400,632096433300,-539566631400,25.81,1.06,2.63,52002,2131,1444
2024-11-12,54600,54600,53000,53000,37962881,-3.6363636363636362,9418379200,-22255651000,442767234500,-429929962700,24.87,1.02,2.72,52002,2131,1444
2024-11-13,52000,53000,50500,50600,52527995,-4.528301886792453,71482964800,14234783600,646229186300,-731946934700,23.74,0.97,2.85,52002,2131,1444
2024-11-14,50200,51800,49900,49900,48510715,-1.383399209486166,78194113400,25993321700,365528028000,-469715463100,23.42,0.96,2.89,52002,2131,1444
2024-11-15,50300,54200,50300,53500,46774485,7.214428857715431,53140228500,23728536700,-205662256300,128793491100,25.11,1.03,2.7,52002,2131,1444
2024-11-18,57000,57500,55900,56700,48095234,5.981308411214954,-32034673400,10982266500,182502810400,-161450403500,26.61,1.09,2.55,52002,2131,1444
2024-11-19,56500,57500,55900,56300,31539632,-0.7054673721340388,132204202600,4646474000,-9126088900,-127724587700,26.42,1.08,2.56,52002,2131,1444
2024-11-20,56100,56500,54800,55300,20864667,-1.7761989342806392,-14709361100,39821019400,43389019700,-68500678000,25.95,1.06,2.61,52002,2131,1444
2024-11-21,54900,56900,54700,56400,19096850,1.9891500904159132,51865521500,53577524200,-65993853500,-39449192200,26.47,1.08,2.56,52002,2131,1444
2024-11-22,56000,56700,55900,56000,15281543,-0.7092198581560284,78954650100,57634290200,42552389500,-179141329800,26.28,1.08,2.58,52002,2131,1444
2024-11-25,57400,57900,56700,57900,36237325,3.392857142857143,129238873400,38838237500,-159141720200,-8935390700,27.17,1.11,2.49,52002,2131,1444
2024-11-26,57900,58900,57500,58300,23209405,0.690846286701209,-114267592500,52802179600,8328291400,53137121500,27.36,1.12,2.48,52002,2131,1444
2024-11-27,57700,57800,56000,56300,21808387,-3.430531732418525,-21736528300,72282433100,231707956300,-282253861100,26.42,1.08,2.56,52002,2131,1444
2024-11-28,56000,56400,55200,55500,20001134,-1.4209591474245116,1650113300,63666812900,121691221000,-187008147200,26.04,1.07,2.6,52002,2131,1444
2024-11-29,55100,55300,53800,54200,24513531,-2.3423423423423424,-30113222300,60453441800,169402126900,-199742346400,25.43,1.04,2.66,52002,2131,1444
2024-12-02,54300,54400,53100,53600,22044867,-1.107011070110701,109468285800,38644371100,64478812400,-212591469300,25.15,1.03,2.69,52002,2131,1444
2024-12-03,53100,54400,53100,53600,23374603,0.0,15783608100,48359639800,48277933100,-112421181000,25.15,1.03,2.69,52002,2131,1444
2024-12-04,52000,53400,52000,53100,29004766,-0.9328358208955223,-18825195400,36539111400,57948703300,-75662619300,24.92,1.02,2.72,52002,2131,1444
2024-12-05,53200,54400,53200,53700,23588277,1.1299435028248588,135073761800,52486304400,-48106175500,-139453890700,25.2,1.03,2.69,52002,2131,1444
2024-12-06,53900,54400,52700,54100,22861874,0.74487895716946,169663401500,52497685600,-151205190900,-70955896200,25.39,1.04,2.67,52002,2131,1444
2024-12-09,53500,54600,53200,53400,26227680,-1.2939001848428837,132599162600,64076818200,-122811512100,-73864468700,25.06,1.03,2.7,52002,2131,1444
2024-12-10,54500,54500,53700,54000,20783970,1.1235955056179776,58477376100,79182885000,-5819213600,-131841047500,25.34,1.04,2.67,52002,2131,1444
2024-12-11,53600,54200,53400,54000,14565947,0.0,6822425500,76430784900,-2532918800,-80720291600,25.34,1.04,2.67,52002,2131,1444
2024-12-12,54000,56500,53900,55900,33476698,3.5185185185185186,152648047300,77677134600,-172686717500,-57638464400,26.23,1.07,2.58,52002,2131,1444
2024-12-13,55800,56300,55500,56100,15908823,0.35778175313059035,37514639300,84752413200,-11540651900,-110726400600,26.33,1.08,2.57,52002,2131,1444
2024-12-16,56300,56600,55200,55600,15277277,-0.8912655971479502,10045177700,54985122000,104842843900,-169873143600,26.09,1.07,2.6,52002,2131,1444
2024-12-17,54700,55200,54000,54200,20215230,-2.5179856115107913,35989792200,50615570900,145868365700,-232473728800,25.43,1.04,2.66,52002,2131,1444
2024-12-18,54100,55400,54000,54900,13698937,1.2915129151291513,4331298400,54742161700,-99993664400,40920204300,25.76,1.06,2.63,52002,2131,1444
2024-12-19,53500,53800,53100,53100,22481925,-3.278688524590164,-149979391000,76802448500,400922765800,-327745823300,24.92,1.02,2.72,52002,2131,1444
2024-12-20,52700,53100,51900,53000,24674774,-0.18832391713747645,-69700337300,75214922400,244320268700,-249834853800,24.87,1.02,2.72,52002,2131,1444
2024-12-23,53400,54000,53300,53500,13672650,0.9433962264150944,24961655300,57148805300,-37622295300,-44488165300,25.11,1.03,2.7,52002,2131,1444
2024-12-24,53700,54500,53600,54400,11634677,1.6822429906542056,3599664600,61666134600,-168358856200,103093057000,25.53,1.05,2.65,52002,2131,1444
2024-12-26,54500,54600,53500,53600,10517075,-1.4705882352941175,-6930760500,67237626700,13274611300,-73581477500,25.15,1.03,2.69,52002,2131,1444
2024-12-27,53500,54100,53200,53700,10747196,0.18656716417910446,-13922536000,55601263000,-39507459700,-2171267300,25.2,1.03,2.69,52002,2131,1444
2024-12-30,53300,54000,53100,53200,12624702,-0.931098696461825,-3277287800,73455673600,72859108500,-143037494300,24.96,1.02,2.71,52002,2131,1444
2025-01-02,52700,53600,52300,53400,16630538,0.37593984962406013,-83508751500,55259576500,80049851500,-51800676500,25.06,1.03,2.7,52002,2131,1444
2025-01-03,52800,55100,52800,54400,19318046,1.8726591760299627,116408415900,53676707000,-204685038000,34599915100,25.53,1.05,2.65,52002,2131,1444
2025-01-06,54400,56200,54300,55900,19034284,2.7573529411764706,52991253500,54320359300,-202252708700,94941095900,26.23,1.07,2.58,52002,2131,1444
2025-01-07,56800,57300,55400,55400,17030235,-0.8944543828264758,-13323103000,58530694500,4122808500,-49330400000,26.0,1.07,2.61,52002,2131,1444
2025-01-08,54800,57500,54700,57300,26593553,3.429602888086643,23450480800,40694102400,-337491568500,273346985300,26.89,1.1,2.52,52002,2131,1444
2025-01-09,57600,57700,56100,56100,24490592,-2.094240837696335,-183638580700,41360840400,99446870200,42830870100,26.33,1.08,2.57,52002,2131,1444
2025-01-10,56100,56500,55200,55300,16059223,-1.4260249554367201,-91326576700,44332543400,157218607900,-110224574600,25.95,1.06,2.61,52002,2131,1444
2025-01-13,54600,55000,54100,54100,16868600,-2.1699819168173597,-16857617800,49316216000,219262125100,-251720723300,25.39,1.04,2.67,52002,2131,1444
2025-01-14,54200,54600,53700,53900,17465926,-0.36968576709796674,-212138700,20774624400,180051577400,-200614063100,25.29,1.04,2.68,52002,2131,1444
2025-01-15,54100,54700,53500,53700,18625025,-0.3710575139146568,-89480552100,34738855700,199695045200,-144953348800,25.2,1.03,2.69,52002,2131,1444
2025-01-16,54200,55000,54100,54300,18627298,1.1173184357541899,-15198179100,27688243900,-67709317800,55219253000,25.48,1.04,2.66,52002,2131,1444
2025-01-17,53800,54100,53200,53700,18805344,-1.1049723756906076,-107178895700,37807257300,340415858200,-271044219800,25.2,1.03,2.69,52002,2131,1444
2025-01-20,53600,53900,53300,53400,11822531,-0.5586592178770949,-16657375800,34576904100,117034495200,-134954023500,25.06,1.03,2.7,52002,2131,1444
2025-01-21,53700,54300,53300,53500,13535702,0.18726591760299627,-8012734100,34807922000,16707203700,-43502391600,25.11,1.03,2.7,52002,2131,1444
2025-01-22,53400,54400,53100,54300,18341991,1.4953271028037385,46469246900,33296532500,-8940546200,-70825233200,25.48,1.04,2.66,52002,2131,1444
2025-01-23,53700,54100,53500,53700,15588067,-1.1049723756906076,12566586200,33417720100,57835548300,-103819854600,25.2,1.03,2.69,52002,2131,1444
2025-01-24,53600,53800,53200,53700,11867631,0.0,-5198457100,40665100500,60520832200,-95987475600,25.2,1.03,2.69,52002,2131,1444
2025-01-31,52200,53000,51700,52400,42186279,-2.4208566108007448,109442006500,39499125000,551584720100,-700525851600,24.59,1.01,2.76,52002,2131,1444
2025-02-03,51100,51400,50800,51000,32344897,-2.6717557251908395,-97205947500,53011506200,446294375700,-402099934400,23.93,0.98,2.83,52002,2131,1444
2025-02-04,51600,53600,51500,52700,27214851,3.3333333333333335,-9676792500,12451316100,-193356720300,190582196700,24.73,1.01,2.74,52002,2131,1444
2025-02-05,53600,53800,52800,52900,15974885,0.3795066413662239,14673671600,30312394200,70404987700,-115391053500,24.82,1.02,2.73,52002,2131,1444
2025-02-06,53400,54000,53200,54000,16466025,2.0793950850661624,72929332700,23215095900,-150748123400,54603694800,25.34,1.04,2.67,52002,2131,1444
2025-02-07,53900,54200,53600,53700,14476866,-0.5555555555555556,73596487900,33136422600,723663400,-107456573900,25.2,1.03,2.69,52002,2131,1444
2025-02-10,53000,55900,52900,55600,27577591,3.5381750465549344,157326703800,39003300600,-237903802300,41573797900,26.09,1.07,2.6,52002,2131,1444
2025-02-11,55500,56300,55000,55700,24596196,0.1798561151079137,151464802900,9578141100,-201080109000,40037165000,26.14,1.07,2.59,52002,2131,1444
2025-02-12,55100,55900,54500,55800,26428596,0.17953321364452424,-356133811484,28660178500,-54173023100,381646656084,26.18,1.07,2.59,52002,2131,1444
2025-02-13,56100,56400,55600,55800,22448377,0.0,108353145200,32287175700,-26383401700,-114256919200,26.18,1.07,2.59,52002,2131,1444
2025-02-14,56000,57300,56000,56000,23979779,0.35842293906810035,163619030800,-5850720100,-106590531700,-51177779000,26.28,1.08,2.58,52002,2131,1444
2025-02-17,56100,56500,55700,56000,11916027,0.0,49243524400,-319756300,22492322700,-71416090800,26.28,1.08,2.58,52002,2131,1444
2025-02-18,56200,57200,55900,56900,22131007,1.607142857142857,56476823200,-1363928800,-188257255500,133144361100,26.7,1.09,2.54,52002,2131,1444
2025-02-19,57400,58900,57300,58700,25395151,3.163444639718805,296426045500,58018622800,-465091368000,110646699700,27.55,1.13,2.46,52002,2131,1444
2025-02-20,59100,59100,58100,58400,21589059,-0.5110732538330494,-16938430600,61119489000,-58663235900,14482177500,27.4,1.12,2.47,52002,2131,1444
2025-02-21,58400,58500,57100,58200,22198428,-0.3424657534246575,-26376077700,57334337500,25258800300,-56217060100,27.31,1.12,2.48,52002,2131,1444
2025-02-24,57300,57700,57200,57300,14138471,-1.5463917525773196,-89754668600,57500200300,21485426700,10769041600,26.89,1.1,2.52,52002,2131,1444
2025-02-25,56600,57800,56500,57200,14625181,-0.17452006980802792,-70386553800,63097542300,-31072624100,38361635600,26.84,1.1,2.52,52002,2131,1444
2025-02-26,57000,57100,56100,56600,18117091,-1.048951048951049,47256355700,45108634900,119471096600,-211836087200,26.56,1.09,2.55,52002,2131,1444
2025-02-27,56500,57100,56200,56300,14975356,-0.5300353356890459,-100935120100,-3208563400,67592931600,36550751900,26.42,1.08,2.56,52002,2131,1444
2025-02-28,55400,55700,54500,54500,28036698,-3.197158081705151,-184875697500,60955702200,310457928200,-186537932900,25.57,1.05,2.65,52002,2131,1444
2025-03-04,53900,55000,53800,54500,18553933,0.0,-48124106150,66541222300,16949305700,-35366421850,25.57,1.05,2.65,52002,2131,1444
2025-03-05,55100,55400,54000,54000,16578817,-0.9174311926605505,-140451170150,59135284850,202978438500,-121662553200,25.34,1.04,2.67,52002,2131,1444
2025-03-06,54100,54500,54000,54300,12258101,0.5555555555555556,-36760449100,63086943000,35688993500,-62015487400,25.48,1.04,2.66,52002,2131,1444
2025-03-07,53500,54200,53400,53700,14274992,-1.1049723756906076,-39312804300,73941478450,111741715200,-146370389350,25.2,1.03,2.69,52002,2131,1444
2025-03-10,53500,54800,53500,53700,12921670,0.0,-18477894750,65385269150,32049403000,-78956777400,25.2,1.03,2.69,52002,2131,1444
2025-03-11,52500,54100,52500,53600,17740891,-0.186219739292365,-95342786700,68525828450,51415675600,-24598717350,25.15,1.03,2.69,52002,2131,1444
2025-03-12,53800,55300,53600,54900,17973221,2.425373134328358,372692200,55210685300,-182837723550,127254346050,25.76,1.06,2.63,52002,2131,1444
2025-03-13,55800,55900,54200,54700,24132151,-0.36429872495446264,101067822150,64952122500,-3415779600,-162604165050,25.67,1.05,2.64,52002,2131,1444
2025-03-14,54500,55100,54400,54700,10845154,0.0,15548446600,67893031600,22181633150,-105623111350,25.67,1.05,2.64,52002,2131,1444
2025-03-17,55500,57800,55400,57600,35559021,5.301645338208409,227409473000,59312941450,-776339057450,489616643000,27.03,1.11,2.51,52002,2131,1444
2025-03-18,58800,59000,57300,57600,28138594,0.0,-6841657050,68320890650,-278751821250,217272587650,27.03,1.11,2.51,52002,2131,1444
2025-03-19,57400,59200,57400,58500,29421759,1.5625,134229875300,67291964100,-478178141250,276656301850,27.45,1.12,2.47,52002,2131,1444
2025-03-20,59200,60300,58500,60200,34989004,2.905982905982906,27374739700,61420670350,-590076078950,501280668900,28.25,1.16,2.4,52002,2131,1444
2025-03-21,60900,61700,60400,61700,40155612,2.4916943521594686,-62412762800,64190179000,-482544354800,480766938600,28.95,1.19,2.34,52002,2131,1444
2025-03-24,61200,61600,60500,60500,14088094,-1.9448946515397085,-19216369350,53387892700,5134742250,-39306265600,28.39,1.16,2.39,52002,2131,1444
2025-03-25,60900,61100,59500,59800,17259455,-1.1570247933884297,-18467825550,52345572150,-30550780900,-3326965700,28.06,1.15,2.41,52002,2131,1444
2025-03-26,59800,61400,59700,61400,16431645,2.6755852842809364,31600506950,46738503100,-220606254150,142267244100,28.81,1.18,2.35,52002,2131,1444
2025-03-27,60900,62000,60800,61800,20389790,0.6514657980456027,-66876741900,57329052550,-310956878950,320504568300,29.0,1.19,2.34,52002,2131,1444
2025-03-28,60700,61100,60000,60200,16282514,-2.5889967637540456,-81015820400,55742634500,120553240350,-95280054450,28.25,1.16,2.4,52002,2131,1444
2025-03-31,59500,59700,57800,57800,17633494,-3.9867109634551494,27456897450,53470807650,127787126350,-208714831450,27.12,1.11,2.5,52002,2131,1444
2025-04-01,58700,59600,57900,58800,13841706,1.7301038062283738,1611043400,59031775350,40578126200,-101220944950,27.59,1.13,2.46,52002,2131,1444
2025-04-02,58800,59400,58300,58800,14402297,0.0,-31738931300,53671246250,5760199850,-27692514800,27.59,1.13,2.46,52002,2131,1444
2025-04-03,56900,57800,56900,57600,19508076,-2.0408163265306123,-19715069700,58638066900,265327292550,-304250289750,27.03,1.11,2.51,52002,2131,1444
2025-04-04,56200,58200,55700,56100,23527139,-2.604166666666667,3244325200,57878040950,348907730750,-410030096900,26.33,1.08,2.57,52002,2131,1444
2025-04-07,53300,54100,53100,53200,31998883,-5.169340463458111,69730121000,68066841600,520940505150,-658737467750,24.96,1.02,2.71,52002,2131,1444
2025-04-08,55000,55300,53300,53500,25532845,0.5639097744360901,-26713639250,55372016300,191468642700,-220127019750,25.11,1.03,2.7,52002,2131,1444
2025-04-09,53300,54300,52900,53000,20576960,-0.9345794392523363,-78666793950,64329513700,157983582700,-143646302450,24.87,1.02,2.72,52002,2131,1444
2025-04-10,56600,56700,55000,56400,22948172,6.415094339622642,63255063850,40516085700,-91775065350,-11996084200,26.47,1.08,2.56,52002,2131,1444
2025-04-11,55600,55700,54800,55200,13930480,-2.127659574468085,7840723800,56696461500,159860434950,-224397620250,25.9,1.06,2.62,52002,2131,1444
2025-04-14,56300,56700,55800,56200,12852613,1.8115942028985508,-15985065900,37122192700,-72315411750,51178284950,26.37,1.08,2.57,52002,2131,1444
2025-04-15,56300,57100,56200,56600,8998640,0.7117437722419928,13069621550,37873210300,-88421365500,37478533650,26.56,1.09,2.55,52002,2131,1444
2025-04-16,56000,56200,54500,54700,14437025,-3.356890459363958,-26900377050,37877414200,256658704650,-267635741800,25.67,1.05,2.64,52002,2131,1444
2025-04-17,54700,55300,54500,55100,10867069,0.7312614259597806,51483271600,39227324200,22666639050,-113377234850,25.86,1.06,2.62,52002,2131,1444
2025-04-18,55300,55600,54900,55300,5848342,0.3629764065335753,-37997338050,39519722300,-28878189800,27355805550,25.95,1.06,2.61,52002,2131,1444
2025-04-21,55200,56000,55100,55400,5941847,0.18083182640144665,-27989832750,38982924500,-8032452250,-2960639500,26.0,1.07,2.61,52002,2131,1444
2025-04-22,54900,55500,54700,55000,9532469,-0.7220216606498195,-2738922550,37696872450,65268175900,-100226125800,25.81,1.06,2.63,52002,2131,1444
2025-04-23,56000,56100,55500,55700,11148692,1.2727272727272727,83417533300,49218911850,-49880021750,-82756423400,26.14,1.07,2.59,52002,2131,1444
2025-04-24,55600,55800,55200,55700,10580377,0.0,-46326537200,37372147450,6181094250,2773295500,26.14,1.07,2.59,52002,2131,1444
2025-04-25,56400,56400,55600,55700,12183303,0.0,43227306600,34682100800,9629858800,-87539266200,26.14,1.07,2.59,52002,2131,1444
2025-04-28,55800,55900,55500,55800,9341518,0.17953321364452424,-5950596400,28035305150,13564533000,-35649241750,26.18,1.07,2.59,52002,2131,1444
2025-04-29,55700,56500,55600,55800,10295518,0.0,44064643300,27464978200,-62287077550,-9242543950,26.18,1.07,2.59,52002,2131,1444
2025-04-30,55900,56000,55300,55500,13014189,-0.5376344086021506,-37251529900,30284378450,97200417050,-90233265600,26.04,1.07,2.6,52002,2131,1444
2025-05-02,55000,55500,54200,54300,22454204,-2.1621621621621623,61469744300,50795589700,543973458200,-656238792200,10.97,0.94,2.66,57951,4950,1446
2025-05-07,54500,55000,54300,54600,17136991,0.5524861878453038,8326490500,27919690900,92472694700,-128718876100,11.03,0.94,2.65,57951,4950,1446
2025-05-08,55100,55500,54500,54600,16320532,0.0,-110316118900,19390640250,85891185500,5034293150,11.03,0.94,2.65,57951,4950,1446
2025-05-09,54700,55000,54400,54800,7814322,0.3663003663003663,-33704764150,30990516950,2855881450,-141634250,11.07,0.95,2.64,57951,4950,1446
2025-05-12,55200,57600,55000,57600,15414702,5.109489051094891,118805642400,29562108850,-282727476150,134359724900,11.64,0.99,2.51,57951,4950,1446
2025-05-13,57700,58200,56800,56900,16842801,-1.215277777777778,36586924450,10252271950,-51268475850,4429279450,11.49,0.98,2.54,57951,4950,1446
2025-05-14,57500,57900,57000,57400,12468089,0.8787346221441126,70829690850,-2431213550,-58807014950,-9591462350,11.6,0.99,2.52,57951,4950,1446
2025-05-15,57400,58600,57100,57300,13139736,-0.17421602787456447,-69284844400,-4984004150,-90799109300,165067957850,11.58,0.99,2.52,57951,4950,1446
2025-05-16,57400,57500,56700,56800,10385352,-0.8726003490401396,-11354449250,4140448150,79946833800,-72732832700,11.47,0.98,2.55,57951,4950,1446
2025-05-19,56400,56400,55500,55800,9802105,-1.7605633802816902,-57114854250,10591105700,80811296650,-34287548100,11.27,0.96,2.59,57951,4950,1446
2025-05-20,56200,56700,55700,55900,9080577,0.17921146953405018,5456993000,-703106400,34625829150,-39379715750,11.29,0.96,2.59,57951,4950,1446
2025-05-21,56200,56600,55700,55700,7794181,-0.35778175313059035,-18759359500,1919611350,64053380150,-47213632000,11.25,0.96,2.6,57951,4950,1446
2025-05-22,55300,55500,54500,54700,15254278,-1.7953321364452424,-113793149850,14580272050,272349575650,-173136697850,11.05,0.94,2.64,57951,4950,1446
2025-05-23,55000,55200,54100,54200,11247115,-0.9140767824497258,-53347689050,9449734200,186406165950,-142508211100,10.95,0.94,2.67,57951,4950,1446
2025-05-26,53900,55000,53700,54700,10901337,0.9225092250922509,58181207600,7785055950,47097963900,-113064227450,11.05,0.94,2.64,57951,4950,1446
2025-05-27,54200,54500,53800,53900,13439520,-1.4625228519195612,22690693800,18128146850,229016147950,-269834988600,10.89,0.93,2.68,57951,4950,1446
2025-05-28,54300,56100,54200,55900,17516283,3.710575139146568,194042426250,-42691032600,-269484145400,118132751750,11.29,0.96,2.59,57951,4950,1446
2025-05-29,56200,56400,55600,56100,12936810,0.35778175313059035,61297364800,5872643350,-58870342700,-8299665450,11.33,0.97,2.58,57951,4950,1446
2025-05-30,56200,57200,55800,56200,26219683,0.17825311942959002,112488235300,-73186900,-104809223650,-7605824750,11.35,0.97,2.57,57951,4950,1446
2025-06-02,56300,57300,56200,56800,12870515,1.0676156583629894,-33974732600,-1390099200,-13745996750,49110828550,11.47,0.98,2.55,57951,4950,1446
2025-06-04,57200,57900,56800,57800,19649983,1.7605633802816902,67064831850,-10549279250,-176290654250,119775101650,11.68,1.0,2.5,57951,4950,1446
2025-06-05,58100,59900,57900,59100,23266027,2.249134948096886,137802524700,-4825995450,-414294844450,281318315200,11.94,1.02,2.45,57951,4950,1446
2025-06-09,60400,60400,59500,59800,19609659,1.1844331641285957,-129336955150,-20062089650,-159736050350,309135095150,12.08,1.03,2.42,57951,4950,1446
2025-06-10,60000,60100,58800,59200,15305760,-1.0033444816053512,-17931077300,599104900,71865041600,-54533069200,11.96,1.02,2.44,57951,4950,1446
2025-06-11,59500,60100,59400,59900,13610734,1.1824324324324325,24499766250,-9822401950,-148212988300,133535624000,12.1,1.03,2.41,57951,4950,1446
2025-06-12,59700,60000,59300,59500,17755115,-0.667779632721202,-69602772800,-3867966450,54066983150,19403756100,12.02,1.03,2.43,57951,4950,1446
2025-06-13,60200,60200,57700,58300,20705979,-2.0168067226890756,-212188411550,-1954597800,213376135100,766874250,11.78,1.01,2.48,57951,4950,1446
2025-06-16,58000,58100,56900,57200,22200872,-1.8867924528301887,41216924450,3180921950,352467044050,-396864890450,11.56,0.99,2.53,57951,4950,1446
2025-06-17,57800,59800,57400,58100,28637003,1.5734265734265735,59159294900,1822866700,-168042875750,107060714150,11.74,1.0,2.49,57951,4950,1446
2025-06-18,58000,59800,57900,59800,17620705,2.9259896729776247,44002663750,-3063345450,-269016613550,228077295250,12.08,1.03,2.42,57951,4950,1446
2025-06-19,60500,60600,59000,59200,16876278,-1.0033444816053512,-68034543050,-2248385800,96032763650,-25749834800,11.96,1.02,2.44,57951,4950,1446
2025-06-20,59400,59800,59100,59500,18072251,0.5067567567567568,3105071850,166649250,46423629950,-49695351050,12.02,1.03,2.43,57951,4950,1446
2025-06-23,58400,58500,57600,58000,16551694,-2.5210084033613445,-245738606850,3275442400,320201632400,-77738467950,11.72,1.0,2.49,57951,4950,1446
2025-06-24,59400,60600,59300,60500,23737899,4.310344827586207,111581731450,893157250,-439694505600,327219616900,12.22,1.04,2.39,57951,4950,1446
2025-06-25,61500,61600,60300,61300,23933612,1.322314049586777,-48786073450,4541984650,-75916076850,120160165650,12.38,1.06,2.36,57951,4950,1446
2025-06-26,61300,61300,59900,60200,19402300,-1.794453507340946,-81358258850,1231183050,180959303950,-100832228150,12.16,1.04,2.4,57951,4950,1446
2025-06-27,60100,61600,60000,60800,17340470,0.9966777408637874,125716175500,4461491150,-167841450500,37663783850,12.28,1.05,2.38,57951,4950,1446
2025-06-30,61200,61200,59800,59800,17110294,-1.644736842105263,49014711500,2175822250,266685380250,-317875914000,12.08,1.03,2.42,57951,4950,1446
2025-07-01,60400,61100,60200,60200,13650991,0.6688963210702341,68222870950,278720750,-76881895000,8380303300,12.16,1.04,2.4,57951,4950,1446
2025-07-02,60200,60900,59800,60800,15047951,0.9966777408637874,55918248050,-2362958450,-32453696450,-21101593150,12.28,1.05,2.38,57951,4950,1446
2025-07-03,61300,63800,61100,63800,32040639,4.934210526315789,256353879600,26985367750,-847294261000,563955013650,12.89,1.1,2.27,57951,4950,1446
2025-07-04,64700,64700,63000,63300,23748959,-0.7836990595611284,-52373841300,15699537000,48413227600,-11738923300,12.79,1.09,2.28,57951,4950,1446
2025-07-07,62900,63300,61700,61700,17164708,-2.527646129541864,-62868264850,-8372447850,246886141550,-175645428850,12.46,1.06,2.34,57951,4950,1446
2025-07-08,61600,62400,61000,61400,20213724,-0.48622366288492713,-53416687000,-12250152650,183573601600,-117906761950,12.4,1.06,2.36,57951,4950,1446
2025-07-09,61400,61400,60200,60400,17533415,-1.6286644951140066,-125653808250,66274282250,261683089250,-202303563250,12.2,1.04,2.39,57951,4950,1446
2025-07-10,60600,61200,60400,61000,14768473,0.9933774834437087,-106540335950,60185062300,6874274450,39480999200,12.32,1.05,2.37,57951,4950,1446
2025-07-11,61300,62800,61200,62600,19140650,2.622950819672131,4230975250,62085046100,-374090703300,307774681950,12.65,1.08,2.31,57951,4950,1446
2025-07-14,62300,62600,61800,62500,13563846,-0.1597444089456869,-9443214750,64639684600,-12623296550,-42573173300,12.63,1.08,2.31,57951,4950,1446
2025-07-15,62300,63800,62000,63700,18442202,1.92,-25726447000,65052411500,-269686307850,230360343350,12.87,1.1,2.27,57951,4950,1446
2025-07-16,63700,64700,63100,64700,23042660,1.5698587127158554,-66031235600,61804432950,-368104045750,372330848400,13.07,1.12,2.23,57951,4950,1446
2025-07-17,65900,66800,64400,66700,39448683,3.091190108191654,123824924250,81090642350,-730333249000,525417682400,13.47,1.15,2.17,57951,4950,1446
2025-07-18,67000,67800,66300,67100,23951531,0.5997001499250375,-109016917850,62984606050,-351341951650,397374263450,13.56,1.16,2.15,57951,4950,1446
2025-07-21,67400,68800,67200,67800,17723148,1.0432190760059614,-45683267650,61011917000,-206321638500,190992989150,13.7,1.17,2.13,57951,4950,1446
2025-07-22,68100,68500,65600,66000,20829006,-2.6548672566371683,-53790839650,48492839950,51410331850,-46112332150,13.33,1.14,2.19,57951,4950,1446
2025-07-23,66200,66500,64900,66400,15687058,0.6060606060606061,-22953416550,58578293300,36249365050,-71874241800,13.41,1.15,2.18,57951,4950,1446
2025-07-24,66500,66800,65900,66000,12660193,-0.6024096385542169,-62102504950,52260040950,-31782541800,41625005800,13.33,1.14,2.19,57951,4950,1446
2025-07-25,65700,66300,65500,65900,8080910,-0.15151515151515152,-57277474850,56741350800,-50037787200,50573911250,13.31,1.14,2.19,57951,4950,1446
2025-07-28,68200,70400,67200,70400,35332500,6.828528072837632,254820680650,52585089650,-988455321600,681049551300,14.22,1.21,2.05,57951,4950,1446
2025-07-29,70800,70800,68800,70600,28190940,0.2840909090909091,-43894834450,51629135700,-259886662100,252152360850,14.26,1.22,2.05,57951,4950,1446
2025-07-30,71000,73700,70600,72600,34761444,2.8328611898017,93381461600,42009417000,-722902522050,587511643450,14.67,1.25,1.99,57951,4950,1446
2025-07-31,73000,74000,71000,71400,26568072,-1.6528925619834711,-154944222250,69189073850,159896978000,-74141829600,14.42,1.23,2.03,57951,4950,1446
2025-08-01,70200,72000,68800,68900,24038534,-3.5014005602240896,-169480224050,64870261850,139655493250,-35045531050,13.92,1.19,2.1,57951,4950,1446
2025-08-04,69500,70200,68700,69700,14780072,1.1611030478955007,-64964049000,60494604150,36782427100,-32312982250,14.08,1.2,2.07,57951,4950,1446
2025-08-05,71000,71500,69700,69900,14392903,0.2869440459110474,7745900850,70399716900,99937999600,-178083617350,14.12,1.21,2.07,57951,4950,1446
2025-08-06,69200,69400,68300,68800,12542415,-1.5736766809728182,-65083241250,54417190700,52653060700,-41987010150,13.9,1.19,2.1,57951,4950,1446
2025-08-07,70800,71000,69700,70500,15008213,2.4709302325581395,43485251800,66991082600,-83145603850,-27330730550,14.24,1.22,2.05,57951,4950,1446
2025-08-08,71000,72400,70700,71800,22241128,1.8439716312056738,66953013200,68511206700,-300633626850,165169406950,14.51,1.24,2.01,57951,4950,1446
2025-08-11,72000,72100,70800,71000,11354253,-1.1142061281337048,-40903060500,65155871000,120110255750,-144363066250,14.34,1.23,2.04,57951,4950,1446
2025-08-12,71100,72400,71100,71100,15797656,0.14084507042253522,-25423861000,67623136600,-79811860450,37612584850,14.36,1.23,2.03,57951,4950,1446
